<ModMetaData>
  <name>Ladies Can Flirt Too!</name>
  <author>Sea</author>
  <packageId>Xenofell.LadiesCanFlirtToo</packageId>
  <supportedVersions>
    <li>1.3</li>
    <li>1.4</li>
  </supportedVersions>
  <description>This mod makes women just as likely to initiate a new romance as men and makes bisexual pawns just as likely to initiate romance as straight or gay pawns. Also, it changes the age range of pawn attraction so that both women and men look for partners following the half their age plus 7 rule.</description>
  <url>https://steamcommunity.com/sharedfiles/filedetails/?id=2725963995</url>
</ModMetaData>